email,name,company
mitrajit@reachinbox.ai,Mitrajit,ReachInbox
yadav036@reachinbox.ai,Yadav,ReachInbox
sarah.connor@cyberdyne.io,Sarah Connor,Cyberdyne
tony.stark@starkindustries.com,Tony Stark,Stark Industries
bruce.wayne@wayneenterprises.com,Bruce Wayne,Wayne Enterprises
peter.parker@dailybugle.com,Peter Parker,Daily Bugle
diana.prince@themiscira.org,Diana Prince,Themiscira
clark.kent@dailyplanet.com,Clark Kent,Daily Planet
barry.allen@centralcitypolice.gov,Barry Allen,CCPD
hal.jordan@ferrisaircraft.com,Hal Jordan,Ferris Aircraft
